,trial_no,max_depth,imp_threshold,min_samples_split,min_impurity_decrease,criterium,n_steps,adaptive,train_score,metric,opt_direction,test_score
0,116,5,0.05,5,5.717969642128979e-07,log_loss,auto,False,0.9441883212826565,matthews_corrcoef,maximize,1.0
1,117,5,0.05,2,0.001611958975802827,gini,auto,False,0.951212944741616,matthews_corrcoef,maximize,1.0
2,118,5,0.05,5,1.4343976085412541e-07,gini,auto,False,0.9441883212826565,matthews_corrcoef,maximize,1.0
3,119,2,0.05,5,6.105167902137647e-07,log_loss,auto,False,0.9441883212826565,matthews_corrcoef,maximize,1.0
4,15,5,0.05,5,1e-07,gini,auto,False,0.9441883212826565,matthews_corrcoef,maximize,1.0
5,16,2,0.05,5,1e-07,gini,auto,False,0.9441883212826565,matthews_corrcoef,maximize,1.0
6,17,2,0.05,5,1e-07,log_loss,auto,False,0.9441883212826565,matthews_corrcoef,maximize,1.0
7,114,5,0.04999999999999994,2,1.5198431939948195e-07,log_loss,auto,False,0.951212944741616,matthews_corrcoef,maximize,1.0
8,103,2,0.05,2,5.504835465845668e-07,log_loss,auto,False,0.9441883212826565,matthews_corrcoef,maximize,1.0
9,105,5,0.05,2,8.816160743101342e-06,log_loss,auto,False,0.951212944741616,matthews_corrcoef,maximize,1.0
10,110,5,0.05,2,7.929879739992701e-07,log_loss,auto,False,0.951212944741616,matthews_corrcoef,maximize,1.0
11,111,5,0.05,2,3.0240647047621288e-06,log_loss,auto,False,0.951212944741616,matthews_corrcoef,maximize,1.0
12,136,2,0.05,5,1.1373261584376925e-06,gini,auto,False,0.9441883212826565,matthews_corrcoef,maximize,1.0
13,18,3,0.05,5,5.969159622006879e-07,gini,auto,False,0.9441883212826565,matthews_corrcoef,maximize,1.0
14,19,3,0.05,5,3.340162969237193e-07,log_loss,auto,False,0.9441883212826565,matthews_corrcoef,maximize,1.0
15,20,3,0.05,5,1.976248667927437e-07,gini,auto,False,0.9441883212826565,matthews_corrcoef,maximize,1.0
16,21,5,0.05,5,3.7866212232517065e-07,gini,auto,False,0.9441883212826565,matthews_corrcoef,maximize,1.0
17,22,4,0.05,5,1.4674844166090203e-07,log_loss,auto,False,0.9441883212826565,matthews_corrcoef,maximize,1.0
18,23,2,0.05,5,3.6105393575484035e-07,gini,auto,False,0.9441883212826565,matthews_corrcoef,maximize,1.0
19,26,2,0.05,2,1e-07,log_loss,auto,False,0.9441883212826565,matthews_corrcoef,maximize,1.0
20,28,2,0.05,2,9.927137154187633e-06,log_loss,auto,False,0.9441883212826565,matthews_corrcoef,maximize,1.0
21,29,2,0.05,2,1.0450859846130091e-06,log_loss,auto,False,0.9441883212826565,matthews_corrcoef,maximize,1.0
22,32,5,0.05,2,1e-07,log_loss,auto,False,0.951212944741616,matthews_corrcoef,maximize,1.0
23,33,5,0.05,2,4.57646263593902e-06,log_loss,auto,False,0.951212944741616,matthews_corrcoef,maximize,1.0
24,177,5,0.05,5,2.569982118116825e-07,gini,auto,False,0.9441883212826565,matthews_corrcoef,maximize,1.0
25,41,5,0.05,2,3.4339192573666667e-07,log_loss,auto,False,0.951212944741616,matthews_corrcoef,maximize,1.0
26,43,5,0.05,5,2.4218678942693445e-06,log_loss,auto,False,0.9441883212826565,matthews_corrcoef,maximize,1.0
27,44,2,0.05,5,2.2690789778853484e-06,log_loss,auto,False,0.9441883212826565,matthews_corrcoef,maximize,1.0
28,45,5,0.05,5,1.0060383353216396e-06,log_loss,auto,False,0.9441883212826565,matthews_corrcoef,maximize,1.0
29,146,5,0.05,2,1.3193330010315511e-06,log_loss,auto,False,0.951212944741616,matthews_corrcoef,maximize,1.0
30,149,5,0.05,2,1.1243537208725992e-05,log_loss,auto,False,0.951212944741616,matthews_corrcoef,maximize,1.0
31,150,4,0.05,5,1.3987968929563519e-06,gini,auto,False,0.9441883212826565,matthews_corrcoef,maximize,1.0
32,101,5,0.05,2,1.3797552906090234e-05,log_loss,auto,False,0.951212944741616,matthews_corrcoef,maximize,1.0
33,46,2,0.05,2,4.103188533837405e-06,log_loss,auto,False,0.9441883212826565,matthews_corrcoef,maximize,1.0
34,51,2,0.04999999999999994,2,4.679868413462149e-06,gini,auto,False,0.9441883212826565,matthews_corrcoef,maximize,1.0
35,54,5,0.05,2,9.948737756990261e-06,gini,auto,False,0.9477275489253633,matthews_corrcoef,maximize,1.0
36,85,5,0.05,5,2.6923579351576326e-07,log_loss,auto,False,0.9441883212826565,matthews_corrcoef,maximize,1.0
37,87,2,0.05,5,1.5042805542411424e-06,gini,auto,False,0.9441883212826565,matthews_corrcoef,maximize,1.0
38,91,5,0.05,2,0.0018638696829864291,gini,auto,False,0.9477275489253633,matthews_corrcoef,maximize,1.0
39,94,5,0.05,5,1.1386367741358044e-06,gini,auto,False,0.9441883212826565,matthews_corrcoef,maximize,1.0
40,167,5,0.04999999999999994,5,1.92276105384003e-06,log_loss,auto,False,0.9441883212826565,matthews_corrcoef,maximize,1.0
41,81,4,0.04999999999999994,5,1e-07,gini,auto,False,0.9441883212826565,matthews_corrcoef,maximize,1.0
42,82,2,0.05,5,2.1889707002016467e-07,log_loss,auto,False,0.9441883212826565,matthews_corrcoef,maximize,1.0
43,84,4,0.05,2,6.444585664806325e-06,gini,auto,False,0.951212944741616,matthews_corrcoef,maximize,1.0
44,172,5,0.05,2,0.006973191323542657,log_loss,auto,False,0.9477275489253633,matthews_corrcoef,maximize,1.0
45,174,5,0.05,2,0.010728789757106578,log_loss,auto,False,0.9477275489253633,matthews_corrcoef,maximize,1.0
46,56,5,0.05,2,4.557236419509813e-06,gini,auto,False,0.951212944741616,matthews_corrcoef,maximize,1.0
47,58,5,0.05,2,0.000376045198258245,gini,auto,False,0.951212944741616,matthews_corrcoef,maximize,1.0
48,70,5,0.05,5,1.6917441113256785e-06,gini,auto,False,0.9441883212826565,matthews_corrcoef,maximize,1.0
49,74,4,0.04999999999999994,2,1e-07,log_loss,auto,False,0.951212944741616,matthews_corrcoef,maximize,1.0
50,59,5,0.05,2,0.001404178400964717,gini,auto,False,0.951212944741616,matthews_corrcoef,maximize,1.0
51,62,2,0.05,5,1.0377389879188183e-06,log_loss,auto,False,0.9441883212826565,matthews_corrcoef,maximize,1.0
52,64,4,0.05,2,2.047274243796399e-06,log_loss,auto,False,0.951212944741616,matthews_corrcoef,maximize,1.0
53,66,3,0.05,2,2.338369880678219e-07,log_loss,auto,False,0.951212944741616,matthews_corrcoef,maximize,1.0
54,68,3,0.05,5,1.5800476140151871e-06,log_loss,auto,False,0.9441883212826565,matthews_corrcoef,maximize,1.0
55,130,2,0.04999999999999994,5,1.3877406991177587e-07,gini,auto,False,0.9441883212826565,matthews_corrcoef,maximize,1.0
56,133,2,0.05,2,1.4368510003460137e-07,log_loss,auto,False,0.9441883212826565,matthews_corrcoef,maximize,1.0
57,196,2,0.05,5,1.3585041020638415e-07,log_loss,auto,False,0.9441883212826565,matthews_corrcoef,maximize,1.0
58,197,5,0.05,2,5.166071865906345e-07,log_loss,auto,False,0.951212944741616,matthews_corrcoef,maximize,1.0
59,198,2,0.05,2,3.529308862968479e-07,log_loss,auto,False,0.9441883212826565,matthews_corrcoef,maximize,1.0
60,192,2,0.05,2,2.549005300263939e-06,log_loss,auto,False,0.9441883212826565,matthews_corrcoef,maximize,1.0
61,12,5,0.04999999999999994,5,1e-07,log_loss,auto,False,0.9441883212826565,matthews_corrcoef,maximize,1.0
62,190,2,0.05,2,6.464680280718137e-06,log_loss,auto,False,0.9441883212826565,matthews_corrcoef,maximize,1.0
63,185,5,5.888033061007968e-06,10,0.02526570697861918,gini,auto,False,0.9511964958051857,matthews_corrcoef,maximize,0.9863434247022977
64,186,2,0.0030278078626182034,10,9.276742954046907e-06,log_loss,auto,False,0.9589232819502074,matthews_corrcoef,maximize,0.9863434247022977
65,187,5,0.05,10,0.0075078815280988295,log_loss,auto,False,0.9511964958051857,matthews_corrcoef,maximize,0.9863434247022977
66,188,2,2.7545263768533187e-05,10,3.422523169982084e-07,log_loss,auto,False,0.9589232819502074,matthews_corrcoef,maximize,0.9863434247022977
67,189,5,0.01107994434897543,10,0.05,gini,auto,False,0.9511964958051857,matthews_corrcoef,maximize,0.9863434247022977
68,191,5,0.05,5,0.012276107548346323,log_loss,auto,False,0.9511964958051857,matthews_corrcoef,maximize,0.9863434247022977
69,113,2,0.05,2,1.3574361082774816e-05,gini,auto,False,0.9511964958051857,matthews_corrcoef,maximize,0.9863434247022977
70,115,5,0.05,10,0.0018417082109691183,log_loss,auto,False,0.9511964958051857,matthews_corrcoef,maximize,0.9863434247022977
71,8,5,1.2287177519591657e-07,10,0.016629680409859536,gini,auto,False,0.9511964958051857,matthews_corrcoef,maximize,0.9863434247022977
72,9,3,0.0011979245528732925,10,0.0008887887701971938,gini,auto,False,0.9520503189846313,matthews_corrcoef,maximize,0.9863434247022977
73,10,5,0.03383944008730588,10,0.01372864951695446,log_loss,auto,False,0.9520503189846313,matthews_corrcoef,maximize,0.9863434247022977
74,11,2,0.04999999999999994,10,1e-07,gini,auto,False,0.9511964958051857,matthews_corrcoef,maximize,0.9863434247022977
75,184,5,0.00929827384566029,10,2.6558089070193314e-05,log_loss,auto,False,0.9589232819502074,matthews_corrcoef,maximize,0.9863434247022977
76,123,2,6.688576598684895e-06,2,0.04999999999999994,gini,auto,False,0.9511964958051857,matthews_corrcoef,maximize,0.9863434247022977
77,77,2,0.00012631356101108277,10,2.0468694283344982e-05,log_loss,auto,False,0.9589232819502074,matthews_corrcoef,maximize,0.9863434247022977
78,79,5,0.05,10,0.05,gini,auto,False,0.9511964958051857,matthews_corrcoef,maximize,0.9863434247022977
79,160,5,0.006673761503338246,5,0.05,gini,auto,False,0.9511964958051857,matthews_corrcoef,maximize,0.9863434247022977
80,170,2,1e-07,10,2.3092187319124202e-06,log_loss,auto,False,0.9589232819502074,matthews_corrcoef,maximize,0.9863434247022977
81,173,5,0.00048047419458905027,10,0.05,gini,auto,False,0.9511964958051857,matthews_corrcoef,maximize,0.9863434247022977
82,175,2,0.05,2,0.00881391018003842,log_loss,auto,False,0.9511964958051857,matthews_corrcoef,maximize,0.9863434247022977
83,57,5,0.05,10,3.2660658959360265e-06,gini,auto,False,0.9511964958051857,matthews_corrcoef,maximize,0.9863434247022977
84,162,2,0.0007156442528426117,10,1.00093490704071e-05,log_loss,auto,False,0.9589232819502074,matthews_corrcoef,maximize,0.9863434247022977
85,166,5,0.0018280383404104422,2,0.04999999999999994,gini,auto,False,0.9511964958051857,matthews_corrcoef,maximize,0.9863434247022977
86,80,5,1.07709482897469e-05,10,3.0439858430113398e-05,log_loss,auto,False,0.9589232819502074,matthews_corrcoef,maximize,0.9863434247022977
87,83,5,1.751490812816493e-05,10,1.7715639445674496e-06,log_loss,auto,False,0.9589232819502074,matthews_corrcoef,maximize,0.9863434247022977
88,93,5,0.05,10,9.71311275308961e-07,log_loss,auto,False,0.9511964958051857,matthews_corrcoef,maximize,0.9863434247022977
89,154,5,1.6793579586364592e-06,10,0.014461893552282445,gini,auto,False,0.9511964958051857,matthews_corrcoef,maximize,0.9863434247022977
90,158,5,7.163223478244285e-07,2,0.05,gini,auto,False,0.9511964958051857,matthews_corrcoef,maximize,0.9863434247022977
91,159,5,0.04999999999999994,5,0.01396457603624164,gini,auto,False,0.9511964958051857,matthews_corrcoef,maximize,0.9863434247022977
92,47,5,2.0493971189870825e-05,10,0.05,gini,auto,False,0.9511964958051857,matthews_corrcoef,maximize,0.9863434247022977
93,48,5,0.0002851153572957977,2,0.05,gini,auto,False,0.9511964958051857,matthews_corrcoef,maximize,0.9863434247022977
94,50,5,0.05,10,1e-07,log_loss,auto,False,0.9511964958051857,matthews_corrcoef,maximize,0.9863434247022977
95,52,5,1e-07,10,9.71342172822489e-06,log_loss,auto,False,0.9589232819502074,matthews_corrcoef,maximize,0.9863434247022977
96,169,2,0.04999999999999994,2,0.05,gini,auto,False,0.9511964958051857,matthews_corrcoef,maximize,0.9863434247022977
97,144,5,0.0019265201398357607,10,2.894979644141643e-05,log_loss,auto,False,0.9589232819502074,matthews_corrcoef,maximize,0.9863434247022977
98,151,5,0.05,10,4.2612197987999853e-05,log_loss,auto,False,0.9511964958051857,matthews_corrcoef,maximize,0.9863434247022977
99,96,5,0.05,10,0.00044073387294572516,log_loss,auto,False,0.9511964958051857,matthews_corrcoef,maximize,0.9863434247022977
100,102,2,1e-07,2,0.05,gini,auto,False,0.9511964958051857,matthews_corrcoef,maximize,0.9863434247022977
101,181,5,3.873875876130792e-07,10,0.0273281031579826,gini,auto,False,0.9511964958051857,matthews_corrcoef,maximize,0.9863434247022977
102,183,2,3.2791813131849168e-06,10,1.0540963001055225e-05,log_loss,auto,False,0.9589232819502074,matthews_corrcoef,maximize,0.9863434247022977
103,40,2,0.0003161039333944439,5,0.05,gini,auto,False,0.9511964958051857,matthews_corrcoef,maximize,0.9863434247022977
104,42,2,0.002632750987633985,10,0.05,gini,auto,False,0.9511964958051857,matthews_corrcoef,maximize,0.9863434247022977
105,31,2,0.05,10,1.0061995779431306e-05,log_loss,auto,False,0.9511964958051857,matthews_corrcoef,maximize,0.9863434247022977
106,176,5,0.04999999999999994,2,0.01447628889062564,gini,auto,False,0.9511964958051857,matthews_corrcoef,maximize,0.9863434247022977
107,180,2,0.000646237497214266,10,1.3589454421357363e-06,log_loss,auto,False,0.9589232819502074,matthews_corrcoef,maximize,0.9863434247022977
108,25,5,2.8157700462459786e-05,10,1e-07,log_loss,auto,False,0.9589232819502074,matthews_corrcoef,maximize,0.9863434247022977
109,104,5,9.0450831324497e-06,10,4.6404634980892204e-07,log_loss,auto,False,0.9589232819502074,matthews_corrcoef,maximize,0.9863434247022977
110,108,5,0.0012132192005036566,10,0.001789499567740715,log_loss,auto,False,0.9520503189846313,matthews_corrcoef,maximize,0.9863434247022977
111,137,5,0.05,5,0.0025810704802212343,gini,auto,False,0.9511964958051857,matthews_corrcoef,maximize,0.9863434247022977
112,139,2,0.0001409359193041338,10,0.026185303097574664,gini,auto,False,0.9511964958051857,matthews_corrcoef,maximize,0.9863434247022977
113,141,5,1.76343110684623e-05,10,0.009625072617546122,gini,auto,False,0.9511964958051857,matthews_corrcoef,maximize,0.9863434247022977
114,142,5,1e-07,10,0.05,gini,auto,False,0.9511964958051857,matthews_corrcoef,maximize,0.9863434247022977
115,143,5,0.05,10,3.813456444655587e-07,gini,auto,False,0.9511964958051857,matthews_corrcoef,maximize,0.9863434247022977
116,112,2,1.2257851239856662e-05,10,8.663522912093537e-06,log_loss,auto,False,0.9589232819502074,matthews_corrcoef,maximize,0.9863434247022977
117,126,2,0.0001877232574467931,10,3.694156351959576e-06,log_loss,auto,False,0.9589232819502074,matthews_corrcoef,maximize,0.9863434247022977
118,127,5,1.1349539057535882e-06,10,1.937499838627338e-05,log_loss,auto,False,0.9589232819502074,matthews_corrcoef,maximize,0.9863434247022977
119,128,2,8.953935548313547e-05,10,6.555221570229176e-07,log_loss,auto,False,0.9589232819502074,matthews_corrcoef,maximize,0.9863434247022977
120,199,5,0.05,10,0.02473977162282794,log_loss,auto,False,0.9511964958051857,matthews_corrcoef,maximize,0.9863434247022977
121,0,3,0.00010563260861381648,10,0.000550078984732452,gini,auto,False,0.9520503189846313,matthews_corrcoef,maximize,0.9863434247022977
122,3,3,6.608518772338821e-07,10,4.633485785769779e-06,log_loss,auto,False,0.9589232819502074,matthews_corrcoef,maximize,0.9863434247022977
123,4,4,2.946129012672411e-07,10,4.7333637874529383e-07,log_loss,auto,False,0.9589232819502074,matthews_corrcoef,maximize,0.9863434247022977
124,131,5,0.05,5,0.00399258933129593,log_loss,auto,False,0.9511964958051857,matthews_corrcoef,maximize,0.9863434247022977
125,132,5,0.05,10,3.267320039885353e-06,log_loss,auto,False,0.9511964958051857,matthews_corrcoef,maximize,0.9863434247022977
126,7,2,0.0407354216380702,10,0.027462677050415336,gini,auto,False,0.9511964958051857,matthews_corrcoef,maximize,0.9863434247022977
127,63,5,0.05,10,0.003005776231251368,gini,auto,False,0.9511964958051857,matthews_corrcoef,maximize,0.9863434247022977
128,67,2,1.1827224526534061e-06,10,0.05,gini,auto,False,0.9511964958051857,matthews_corrcoef,maximize,0.9863434247022977
129,69,2,1e-07,5,0.05,gini,auto,False,0.9511964958051857,matthews_corrcoef,maximize,0.9863434247022977
130,71,5,3.0422598010713636e-05,5,0.05,gini,auto,False,0.9511964958051857,matthews_corrcoef,maximize,0.9863434247022977
131,73,5,1.042855638432429e-06,5,0.05,gini,auto,False,0.9511964958051857,matthews_corrcoef,maximize,0.9863434247022977
132,75,2,0.00025900987390689014,10,0.0073162792147896194,gini,auto,False,0.9589232819502074,matthews_corrcoef,maximize,0.9863434247022977
133,89,5,0.05,2,0.0007570767971255357,gini,auto,False,0.9477275489253633,matthews_corrcoef,maximize,0.9862647173697827
134,61,5,0.05,2,4.421874652587642e-05,log_loss,auto,False,0.9477275489253633,matthews_corrcoef,maximize,0.9862647173697827
135,27,5,0.05,2,1e-07,gini,auto,False,0.9477275489253633,matthews_corrcoef,maximize,0.9862647173697827
136,90,5,0.05,2,0.00021908326087559257,gini,auto,False,0.9477275489253633,matthews_corrcoef,maximize,0.9862647173697827
137,97,5,0.05,2,0.0016498041753721902,log_loss,auto,False,0.9477275489253633,matthews_corrcoef,maximize,0.9862647173697827
138,107,5,0.05,2,0.0003466088311140938,log_loss,auto,False,0.9477275489253633,matthews_corrcoef,maximize,0.9862647173697827
139,13,2,1.7921401768271638e-07,5,1e-07,log_loss,auto,False,0.9653808854092606,matthews_corrcoef,maximize,0.9733059899385654
140,53,5,1.5270596785832243e-05,5,4.4078930934598525e-06,log_loss,auto,False,0.9653808854092606,matthews_corrcoef,maximize,0.9733059899385654
141,195,2,0.0005826792817412783,2,5.301248343161972e-07,log_loss,auto,False,0.9653808854092606,matthews_corrcoef,maximize,0.9733059899385654
142,194,2,1e-07,5,5.834699157777431e-07,log_loss,auto,False,0.9653808854092606,matthews_corrcoef,maximize,0.9733059899385654
143,129,2,4.636020175722789e-05,2,1.1201637270382576e-06,log_loss,auto,False,0.9653808854092606,matthews_corrcoef,maximize,0.9733059899385654
144,121,5,2.320847257934356e-05,2,2.2698963289161788e-05,log_loss,auto,False,0.9688147029449735,matthews_corrcoef,maximize,0.9733059899385654
145,55,5,1e-07,2,1.3814953946296644e-06,log_loss,auto,False,0.9723059769530339,matthews_corrcoef,maximize,0.9733059899385654
146,179,5,0.031014820548798058,2,0.008955311526280797,log_loss,auto,False,0.9687941270278225,matthews_corrcoef,maximize,0.9733059899385654
147,140,5,0.0034471276991206315,2,0.0007553027133722244,log_loss,auto,False,0.9688147029449735,matthews_corrcoef,maximize,0.9733059899385654
148,78,5,1.8663182023246194e-05,2,1e-07,log_loss,auto,False,0.9723059769530339,matthews_corrcoef,maximize,0.9733059899385654
149,148,5,1e-07,2,6.351366521616064e-05,log_loss,auto,False,0.9723059769530339,matthews_corrcoef,maximize,0.9733059899385654
150,171,2,0.00016102049926697715,2,0.0003421360571070456,gini,auto,False,0.9653808854092606,matthews_corrcoef,maximize,0.9733059899385654
151,100,2,0.006768650325649737,5,8.349091794957891e-07,log_loss,auto,False,0.9653808854092606,matthews_corrcoef,maximize,0.9733059899385654
152,145,5,0.0017412045685163545,2,3.1391351600771316e-05,log_loss,auto,False,0.9688147029449735,matthews_corrcoef,maximize,0.9733059899385654
153,147,2,1.593732478772359e-06,5,5.479568841401929e-07,log_loss,auto,False,0.9653808854092606,matthews_corrcoef,maximize,0.9733059899385654
154,164,5,7.909449986978986e-05,5,2.3184026557618866e-07,log_loss,auto,False,0.9653808854092606,matthews_corrcoef,maximize,0.9733059899385654
155,95,5,0.004943419114473557,2,3.4396498121822094e-06,log_loss,auto,False,0.9723059769530339,matthews_corrcoef,maximize,0.9733059899385654
156,124,5,0.023036032630329047,2,7.264705096290428e-06,gini,auto,False,0.9687941270278225,matthews_corrcoef,maximize,0.9733059899385654
157,6,5,0.005966072022815216,2,3.1037446767463466e-05,gini,auto,False,0.9723059769530339,matthews_corrcoef,maximize,0.9733059899385654
158,2,4,0.00025422023005834205,2,0.00015849749715096136,log_loss,auto,False,0.9688147029449735,matthews_corrcoef,maximize,0.9733059899385654
159,24,5,0.007828027660394565,5,1e-07,gini,auto,False,0.9653808854092606,matthews_corrcoef,maximize,0.9733059899385654
160,161,5,0.0226208015645257,5,5.954642508622033e-07,gini,auto,False,0.9653808854092606,matthews_corrcoef,maximize,0.9733059899385654
161,37,2,0.012104909935036991,2,1e-07,log_loss,auto,False,0.9653808854092606,matthews_corrcoef,maximize,0.9733059899385654
162,165,5,1.3361849977985567e-06,2,8.493203701324358e-06,log_loss,auto,False,0.9723059769530339,matthews_corrcoef,maximize,0.9733059899385654
163,14,5,0.05,5,0.05,log_loss,auto,False,0.9511964958051857,matthews_corrcoef,maximize,0.9724098012733938
164,49,2,0.05,5,1.7496360177392306e-05,log_loss,auto,False,0.9511964958051857,matthews_corrcoef,maximize,0.9724098012733938
165,34,5,0.000302762027067353,10,0.05,log_loss,auto,False,0.9511964958051857,matthews_corrcoef,maximize,0.9724098012733938
166,88,2,0.05,2,1.897413370954498e-06,gini,auto,False,0.9511964958051857,matthews_corrcoef,maximize,0.9724098012733938
167,60,2,0.05,2,0.0007468565526177792,gini,auto,False,0.9511964958051857,matthews_corrcoef,maximize,0.9724098012733938
168,98,5,0.05,5,0.0004307669918352159,gini,auto,False,0.9511964958051857,matthews_corrcoef,maximize,0.9724098012733938
169,39,5,0.05,5,6.393084943382248e-05,gini,auto,False,0.9511964958051857,matthews_corrcoef,maximize,0.9724098012733938
170,36,5,1e-07,10,0.05,log_loss,auto,False,0.9511964958051857,matthews_corrcoef,maximize,0.9724098012733938
171,92,2,0.05,5,3.7680704103172354e-06,gini,auto,False,0.9511964958051857,matthews_corrcoef,maximize,0.9724098012733938
172,30,2,0.04999999999999994,2,0.05,log_loss,auto,False,0.9511964958051857,matthews_corrcoef,maximize,0.9724098012733938
173,5,5,2.440106227478093e-07,2,0.001728310149789484,gini,auto,False,0.9688147029449735,matthews_corrcoef,maximize,0.960140691305149
174,193,5,1.9959989729790093e-06,2,0.019339943243441793,gini,auto,False,0.9723059769530339,matthews_corrcoef,maximize,0.960140691305149
175,134,5,8.989276335699257e-05,10,4.915108654358977e-06,gini,auto,False,0.9520503189846313,matthews_corrcoef,maximize,0.960140691305149
176,135,2,0.0022748301125176187,10,0.007594881976707359,log_loss,auto,False,0.9520503189846313,matthews_corrcoef,maximize,0.960140691305149
177,38,5,0.0002205444778856245,10,1e-07,gini,auto,False,0.9520503189846313,matthews_corrcoef,maximize,0.960140691305149
178,86,5,1e-07,10,1e-07,gini,auto,False,0.9520503189846313,matthews_corrcoef,maximize,0.960140691305149
179,163,5,4.715143895649946e-06,10,0.003039955838801847,gini,auto,False,0.9520503189846313,matthews_corrcoef,maximize,0.960140691305149
180,152,5,0.0003153353239332439,10,0.0018572190449192617,gini,auto,False,0.9520503189846313,matthews_corrcoef,maximize,0.960140691305149
181,153,2,7.22797321323616e-05,2,0.014744824121518329,gini,auto,False,0.9723059769530339,matthews_corrcoef,maximize,0.960140691305149
182,155,5,0.009693993295053422,10,0.0012936663913126465,gini,auto,False,0.9520503189846313,matthews_corrcoef,maximize,0.960140691305149
183,156,2,0.0007091906731643804,10,0.0006292253269900519,log_loss,auto,False,0.9520503189846313,matthews_corrcoef,maximize,0.960140691305149
184,109,5,1.2068507741979228e-06,10,1.381935474922252e-06,gini,auto,False,0.9520503189846313,matthews_corrcoef,maximize,0.960140691305149
185,72,2,1e-07,10,0.0001907229506632226,gini,auto,False,0.9520503189846313,matthews_corrcoef,maximize,0.960140691305149
186,65,5,0.007938911232447068,2,0.006058974728835996,gini,auto,False,0.9723059769530339,matthews_corrcoef,maximize,0.960140691305149
187,76,5,0.00017337061328707287,5,0.0014045278557732487,gini,auto,False,0.9723059769530339,matthews_corrcoef,maximize,0.960140691305149
188,120,2,2.686213141014172e-05,10,0.0008001818532095543,log_loss,auto,False,0.9520503189846313,matthews_corrcoef,maximize,0.960140691305149
189,106,5,0.0020458410621612124,10,0.0002682989110531926,gini,auto,False,0.9520503189846313,matthews_corrcoef,maximize,0.960140691305149
190,125,2,3.263315768827166e-05,10,7.111297917844359e-05,gini,auto,False,0.9520503189846313,matthews_corrcoef,maximize,0.960140691305149
191,122,2,1e-07,5,0.011262989434707658,gini,auto,False,0.9723059769530339,matthews_corrcoef,maximize,0.960140691305149
192,35,2,3.351919088511611e-06,10,1e-07,gini,auto,False,0.9520503189846313,matthews_corrcoef,maximize,0.960140691305149
193,182,5,0.0007716993500229887,5,0.016372056255892508,gini,auto,False,0.9723059769530339,matthews_corrcoef,maximize,0.960140691305149
194,1,2,1.0943821455981228e-05,2,0.009991999269277354,log_loss,auto,False,0.9723059769530339,matthews_corrcoef,maximize,0.960140691305149
195,178,5,1e-07,10,0.004004049649621438,log_loss,auto,False,0.9520503189846313,matthews_corrcoef,maximize,0.960140691305149
196,168,5,0.0003106775117735452,5,1.2774818150665304e-05,log_loss,auto,False,0.9723059769530339,matthews_corrcoef,maximize,0.9461218577977031
197,99,2,1e-07,5,1.4859734707377378e-05,gini,auto,False,0.9723059769530339,matthews_corrcoef,maximize,0.9461218577977031
198,157,5,2.401456520362363e-06,5,0.00010640616655363915,log_loss,auto,False,0.9723059769530339,matthews_corrcoef,maximize,0.9461218577977031
199,138,2,4.7790791264376505e-06,5,0.05,log_loss,auto,False,0.9723059769530339,matthews_corrcoef,maximize,0.9461218577977031
