,trial_no,max_depth,imp_threshold,min_samples_split,min_impurity_decrease,criterium,n_steps,adaptive,train_score,metric,opt_direction,test_score,error
0,184,5,0.00017617091891257818,2,9.441633135303398e-06,mse,auto,False,0.9152105988628917,r2_score,maximize,0.9087397851884155,
1,186,5,5.691667386142447e-06,5,2.5111761335432254e-06,mse,auto,False,0.9152105988628917,r2_score,maximize,0.9087397851884155,
2,187,5,0.05,2,4.207414607560672e-06,mse,auto,False,0.9152105988628917,r2_score,maximize,0.9087397851884155,
3,188,5,0.05,5,8.583962979738447e-06,mse,auto,False,0.9152105988628917,r2_score,maximize,0.9087397851884155,
4,189,5,1.2678818127817155e-07,2,2.716115951185102e-06,mse,auto,False,0.9152105988628917,r2_score,maximize,0.9087397851884155,
5,190,5,1e-07,5,9.57363438669297e-06,mse,auto,False,0.9152105988628917,r2_score,maximize,0.9087397851884155,
6,191,5,0.0006492842977882206,2,3.0598604209761027e-07,mse,auto,False,0.9152105988628917,r2_score,maximize,0.9087397851884155,
7,176,5,1e-07,2,1.8165033821571188e-05,mse,auto,False,0.9152105988628917,r2_score,maximize,0.9087397851884155,
8,177,5,1.592916764551678e-05,2,6.396703929856703e-07,mse,auto,False,0.9152105988628917,r2_score,maximize,0.9087397851884155,
9,178,5,1.4487619670048064e-05,2,1.7974120024081204e-06,mse,auto,False,0.9152105988628917,r2_score,maximize,0.9087397851884155,
10,179,5,1.2895030704367008e-05,5,4.265352619805565e-05,mse,auto,False,0.9152105988628917,r2_score,maximize,0.9087397851884155,
11,180,5,0.05,2,1.910474569936098e-06,mse,auto,False,0.9152105988628917,r2_score,maximize,0.9087397851884155,
12,182,5,0.009470961448663797,5,2.9600671601144812e-05,mse,auto,False,0.9152105988628917,r2_score,maximize,0.9087397851884155,
13,183,5,1e-07,2,1.314595121189943e-06,mse,auto,False,0.9152105988628917,r2_score,maximize,0.9087397851884155,
14,16,5,0.05,5,1e-07,mse,auto,False,0.9152105988628917,r2_score,maximize,0.9087397851884155,
15,22,5,1e-07,5,1e-07,mse,auto,False,0.9152105988628917,r2_score,maximize,0.9087397851884155,
16,168,5,1e-07,2,5.548429918262286e-07,mse,auto,False,0.9152105988628917,r2_score,maximize,0.9087397851884155,
17,169,5,0.05,2,4.793778250137658e-05,mse,auto,False,0.9152105988628917,r2_score,maximize,0.9087397851884155,
18,170,5,1e-07,5,1.5441513424589157e-06,mse,auto,False,0.9152105988628917,r2_score,maximize,0.9087397851884155,
19,171,5,1e-07,5,1e-07,mse,auto,False,0.9152105988628917,r2_score,maximize,0.9087397851884155,
20,172,5,0.05,2,1e-07,mse,auto,False,0.9152105988628917,r2_score,maximize,0.9087397851884155,
21,173,5,3.410070229483403e-05,2,1e-07,mse,auto,False,0.9152105988628917,r2_score,maximize,0.9087397851884155,
22,174,5,1.8768701604648843e-05,5,1.1834613771996454e-06,mse,auto,False,0.9152105988628917,r2_score,maximize,0.9087397851884155,
23,175,5,6.66352475421902e-07,2,2.3482267039448678e-07,mse,auto,False,0.9152105988628917,r2_score,maximize,0.9087397851884155,
24,25,5,1e-07,2,5.871749948124717e-06,mse,auto,False,0.9152105988628917,r2_score,maximize,0.9087397851884155,
25,34,5,7.997153195961695e-05,5,1e-07,mse,auto,False,0.9152105988628917,r2_score,maximize,0.9087397851884155,
26,35,5,0.05,2,1e-07,mse,auto,False,0.9152105988628917,r2_score,maximize,0.9087397851884155,
27,160,5,0.03426597204379369,5,4.322339791167238e-06,mse,auto,False,0.9152105988628917,r2_score,maximize,0.9087397851884155,
28,161,5,1.6803021863452196e-06,2,1.990419353828244e-05,mse,auto,False,0.9152105988628917,r2_score,maximize,0.9087397851884155,
29,162,5,1e-07,2,1e-07,mse,auto,False,0.9152105988628917,r2_score,maximize,0.9087397851884155,
30,163,5,0.0006968264995849635,2,4.189593898098388e-06,mse,auto,False,0.9152105988628917,r2_score,maximize,0.9087397851884155,
31,164,5,0.05,5,1.5872935855313485e-07,mse,auto,False,0.9152105988628917,r2_score,maximize,0.9087397851884155,
32,165,5,1e-07,2,8.61126229718589e-06,mse,auto,False,0.9152105988628917,r2_score,maximize,0.9087397851884155,
33,166,5,0.05,5,2.7313515260777975e-05,mse,auto,False,0.9152105988628917,r2_score,maximize,0.9087397851884155,
34,167,5,0.05,5,5.629077012523004e-07,mse,auto,False,0.9152105988628917,r2_score,maximize,0.9087397851884155,
35,42,5,0.05,2,2.8554310821121265e-06,mse,auto,False,0.9152105988628917,r2_score,maximize,0.9087397851884155,
36,43,5,1e-07,5,2.4273190317557556e-06,mse,auto,False,0.9152105988628917,r2_score,maximize,0.9087397851884155,
37,47,5,0.000629644533531612,2,8.131676197499998e-07,mse,auto,False,0.9152105988628917,r2_score,maximize,0.9087397851884155,
38,154,5,8.161113707338566e-05,5,5.016337002050908e-07,mse,auto,False,0.9152105988628917,r2_score,maximize,0.9087397851884155,
39,155,5,1e-07,5,7.254925350272284e-07,mse,auto,False,0.9152105988628917,r2_score,maximize,0.9087397851884155,
40,156,5,0.00016408192313749348,5,8.234093656009801e-06,mse,auto,False,0.9152105988628917,r2_score,maximize,0.9087397851884155,
41,158,5,0.05,5,3.9454443868274816e-05,mse,auto,False,0.9152105988628917,r2_score,maximize,0.9087397851884155,
42,159,5,0.0003413603997093545,5,3.5578817962035355e-05,mse,auto,False,0.9152105988628917,r2_score,maximize,0.9087397851884155,
43,50,5,1e-07,2,1e-07,mse,auto,False,0.9152105988628917,r2_score,maximize,0.9087397851884155,
44,53,5,0.05,5,8.533285591923172e-07,mse,auto,False,0.9152105988628917,r2_score,maximize,0.9087397851884155,
45,144,5,0.00020695595326846597,5,3.486095670843392e-06,mse,auto,False,0.9152105988628917,r2_score,maximize,0.9087397851884155,
46,145,5,0.05,5,1e-07,mse,auto,False,0.9152105988628917,r2_score,maximize,0.9087397851884155,
47,146,5,1.8957561074448537e-06,5,1.4255269249752125e-07,mse,auto,False,0.9152105988628917,r2_score,maximize,0.9087397851884155,
48,147,5,0.05,2,9.785040599702225e-06,mse,auto,False,0.9152105988628917,r2_score,maximize,0.9087397851884155,
49,148,5,1e-07,5,4.20859418489025e-06,mse,auto,False,0.9152105988628917,r2_score,maximize,0.9087397851884155,
50,150,5,1e-07,5,3.027055972996659e-07,mse,auto,False,0.9152105988628917,r2_score,maximize,0.9087397851884155,
51,151,5,0.0014219520978338695,5,2.0997250961432305e-05,mse,auto,False,0.9152105988628917,r2_score,maximize,0.9087397851884155,
52,58,5,1e-07,5,4.738869861972677e-07,mse,auto,False,0.9152105988628917,r2_score,maximize,0.9087397851884155,
53,63,5,0.05,2,7.498794682194935e-07,mse,auto,False,0.9152105988628917,r2_score,maximize,0.9087397851884155,
54,136,5,5.3130489843155195e-05,2,1.2465880181331559e-05,mse,auto,False,0.9152105988628917,r2_score,maximize,0.9087397851884155,
55,137,5,2.1885669022900445e-05,2,1.283880460106842e-06,mse,auto,False,0.9152105988628917,r2_score,maximize,0.9087397851884155,
56,138,5,0.05,5,1.4972382011582256e-06,mse,auto,False,0.9152105988628917,r2_score,maximize,0.9087397851884155,
57,141,5,0.05,2,1.5560135628218033e-07,mse,auto,False,0.9152105988628917,r2_score,maximize,0.9087397851884155,
58,143,5,0.05,2,4.451418745154977e-07,mse,auto,False,0.9152105988628917,r2_score,maximize,0.9087397851884155,
59,67,5,1e-07,2,3.392240168669035e-05,mse,auto,False,0.9152105988628917,r2_score,maximize,0.9087397851884155,
60,69,5,5.4131630458442506e-05,2,6.243868895832564e-06,mse,auto,False,0.9152105988628917,r2_score,maximize,0.9087397851884155,
61,70,5,0.00011996981430976993,5,7.409849646033963e-07,mse,auto,False,0.9152105988628917,r2_score,maximize,0.9087397851884155,
62,129,5,0.05,5,3.9143991900017765e-07,mse,auto,False,0.9152105988628917,r2_score,maximize,0.9087397851884155,
63,130,5,1e-07,2,3.336373717508425e-06,mse,auto,False,0.9152105988628917,r2_score,maximize,0.9087397851884155,
64,131,5,0.0005897320251527863,5,1.5310615295421402e-07,mse,auto,False,0.9152105988628917,r2_score,maximize,0.9087397851884155,
65,133,5,0.05,5,1.2298019306786873e-05,mse,auto,False,0.9152105988628917,r2_score,maximize,0.9087397851884155,
66,134,5,0.03903937016221599,2,2.895477978330247e-05,mse,auto,False,0.9152105988628917,r2_score,maximize,0.9087397851884155,
67,135,5,1e-07,5,3.5014066898461374e-05,mse,auto,False,0.9152105988628917,r2_score,maximize,0.9087397851884155,
68,74,5,0.05,2,4.3552373014837394e-05,mse,auto,False,0.9152105988628917,r2_score,maximize,0.9087397851884155,
69,75,5,0.05,2,1.6082701705318013e-05,mse,auto,False,0.9152105988628917,r2_score,maximize,0.9087397851884155,
70,120,5,1e-07,2,1.7140994095837613e-07,mse,auto,False,0.9152105988628917,r2_score,maximize,0.9087397851884155,
71,121,5,0.000127617272844256,5,1.7859283569080615e-06,mse,auto,False,0.9152105988628917,r2_score,maximize,0.9087397851884155,
72,123,5,1e-07,2,1.2832790695882226e-05,mse,auto,False,0.9152105988628917,r2_score,maximize,0.9087397851884155,
73,124,5,5.14596940642136e-05,5,2.8496978235532253e-07,mse,auto,False,0.9152105988628917,r2_score,maximize,0.9087397851884155,
74,125,5,0.05,2,1.4674043635590603e-06,mse,auto,False,0.9152105988628917,r2_score,maximize,0.9087397851884155,
75,126,5,5.195370337905762e-05,2,4.0433474176210287e-07,mse,auto,False,0.9152105988628917,r2_score,maximize,0.9087397851884155,
76,127,5,4.172815091373626e-05,5,2.4702307567743377e-05,mse,auto,False,0.9152105988628917,r2_score,maximize,0.9087397851884155,
77,80,5,1e-07,2,3.5732147430897663e-07,mse,auto,False,0.9152105988628917,r2_score,maximize,0.9087397851884155,
78,85,5,0.05,5,6.5831128673944775e-06,mse,auto,False,0.9152105988628917,r2_score,maximize,0.9087397851884155,
79,86,5,0.05,5,2.776793098654538e-06,mse,auto,False,0.9152105988628917,r2_score,maximize,0.9087397851884155,
80,113,5,2.4818217803910705e-05,2,2.5591530978544593e-06,mse,auto,False,0.9152105988628917,r2_score,maximize,0.9087397851884155,
81,115,5,1e-07,5,1.0780490545311934e-06,mse,auto,False,0.9152105988628917,r2_score,maximize,0.9087397851884155,
82,117,5,5.101010187299081e-05,2,1e-07,mse,auto,False,0.9152105988628917,r2_score,maximize,0.9087397851884155,
83,118,5,1e-07,2,7.71855770315922e-07,mse,auto,False,0.9152105988628917,r2_score,maximize,0.9087397851884155,
84,119,5,0.04999999999999994,2,6.265323907433457e-06,mse,auto,False,0.9152105988628917,r2_score,maximize,0.9087397851884155,
85,88,5,1e-07,5,1.4183597854016101e-05,mse,auto,False,0.9152105988628917,r2_score,maximize,0.9087397851884155,
86,89,5,7.325469574532086e-06,5,5.284755672121522e-06,mse,auto,False,0.9152105988628917,r2_score,maximize,0.9087397851884155,
87,90,5,1e-07,2,1.6850903393980504e-06,mse,auto,False,0.9152105988628917,r2_score,maximize,0.9087397851884155,
88,91,5,0.05,5,2.439888862127355e-07,mse,auto,False,0.9152105988628917,r2_score,maximize,0.9087397851884155,
89,96,5,0.00019330300429175077,2,1.8124303816974247e-07,mse,auto,False,0.9152105988628917,r2_score,maximize,0.9087397851884155,
90,101,5,1e-07,5,7.3522385012280775e-06,mse,auto,False,0.9152105988628917,r2_score,maximize,0.9087397851884155,
91,102,5,0.05,5,2.2318178238277357e-05,mse,auto,False,0.9152105988628917,r2_score,maximize,0.9087397851884155,
92,103,5,0.0004484820313890534,5,1.455013747268833e-05,mse,auto,False,0.9152105988628917,r2_score,maximize,0.9087397851884155,
93,104,5,1e-07,5,1.9473197410718375e-07,mse,auto,False,0.9152105988628917,r2_score,maximize,0.9087397851884155,
94,105,5,1e-07,5,5.1036068001626476e-05,mse,auto,False,0.9152105988628917,r2_score,maximize,0.9087397851884155,
95,106,5,1e-07,5,3.0542227467453646e-05,mse,auto,False,0.9152105988628917,r2_score,maximize,0.9087397851884155,
96,109,5,7.551258661675782e-05,5,3.499045451368574e-05,mse,auto,False,0.9152105988628917,r2_score,maximize,0.9087397851884155,
97,110,5,0.04999999999999994,2,2.6520239111452474e-07,mse,auto,False,0.9152105988628917,r2_score,maximize,0.9087397851884155,
98,111,5,0.0019164199742173712,2,2.914742998871157e-05,mse,auto,False,0.9152105988628917,r2_score,maximize,0.9087397851884155,
99,193,5,1.171110452170638e-07,2,1.6687827046250936e-07,mse,auto,False,0.9152105988628917,r2_score,maximize,0.9087397851884155,
100,194,5,0.05,2,4.596364817225546e-05,mse,auto,False,0.9152105988628917,r2_score,maximize,0.9087397851884155,
101,195,5,0.03849934577245896,5,2.026339729592313e-06,mse,auto,False,0.9152105988628917,r2_score,maximize,0.9087397851884155,
102,196,5,6.572435127290999e-06,2,1.5544007564384518e-07,mse,auto,False,0.9152105988628917,r2_score,maximize,0.9087397851884155,
103,197,5,0.0005354814734251132,2,1.7754737593621024e-05,mse,auto,False,0.9152105988628917,r2_score,maximize,0.9087397851884155,
104,198,5,6.662552488633611e-06,5,1.0575446800190818e-07,mse,auto,False,0.9152105988628917,r2_score,maximize,0.9087397851884155,
105,199,5,1e-07,5,4.690990680219607e-06,mse,auto,False,0.9152105988628917,r2_score,maximize,0.9087397851884155,
106,94,5,1e-07,2,6.939317105819853e-05,mse,auto,False,0.9151874511264889,r2_score,maximize,0.9087270039552562,
107,153,5,0.0006522084366185504,2,6.358636535813591e-05,mse,auto,False,0.9151874511264889,r2_score,maximize,0.9087270039552562,
108,76,5,3.771143731656997e-05,2,5.360995322931083e-05,mse,auto,False,0.9151874511264889,r2_score,maximize,0.9087270039552562,
109,107,5,1e-07,10,2.9517398258053072e-06,mse,auto,False,0.9150872899178204,r2_score,maximize,0.9086888492299323,
110,26,5,0.0022268213096625794,10,1e-07,mse,auto,False,0.9150872899178204,r2_score,maximize,0.9086888492299323,
111,157,5,1e-07,10,1.9234231855978748e-05,mse,auto,False,0.9150872899178204,r2_score,maximize,0.9086888492299323,
112,92,5,0.04999999999999994,10,2.2401810804654483e-05,mse,auto,False,0.9150872899178204,r2_score,maximize,0.9086888492299323,
113,100,5,0.00010837138516253732,10,3.5873505227288676e-05,mse,auto,False,0.9150872899178204,r2_score,maximize,0.9086888492299323,
114,116,5,1e-07,10,3.3009928227489106e-07,mse,auto,False,0.9150872899178204,r2_score,maximize,0.9086888492299323,
115,112,5,0.05,10,2.0230257308485306e-07,mse,auto,False,0.9150872899178204,r2_score,maximize,0.9086888492299323,
116,14,5,1e-07,10,1e-07,mse,auto,False,0.9150872899178204,r2_score,maximize,0.9086888492299323,
117,185,5,7.740011906388001e-05,10,5.030684436498719e-07,mse,auto,False,0.9150872899178204,r2_score,maximize,0.9086888492299323,
118,45,5,2.6229932983503882e-05,10,1.138017724781794e-06,mse,auto,False,0.9150872899178204,r2_score,maximize,0.9086888492299323,
119,149,5,1e-07,10,1.6542692088168625e-07,mse,auto,False,0.9150872899178204,r2_score,maximize,0.9086888492299323,
120,52,5,1e-07,10,9.937383643370157e-07,mse,auto,False,0.9150872899178204,r2_score,maximize,0.9086888492299323,
121,51,5,0.05,10,7.131755400469749e-07,mse,auto,False,0.9150872899178204,r2_score,maximize,0.9086888492299323,
122,122,5,0.05,10,1.7923724608888336e-06,mse,auto,False,0.9150872899178204,r2_score,maximize,0.9086888492299323,
123,87,5,1.4825448046493874e-05,10,2.379813984011024e-07,mse,auto,False,0.9150872899178204,r2_score,maximize,0.9086888492299323,
124,72,5,0.0025873547100321763,10,3.337238372264221e-06,mse,auto,False,0.9150872899178204,r2_score,maximize,0.9086888492299323,
125,77,5,0.05,10,4.745372144219159e-05,mse,auto,False,0.9150872899178204,r2_score,maximize,0.9086888492299323,
126,59,5,1e-07,10,7.652121090722951e-06,mse,auto,False,0.9150872899178204,r2_score,maximize,0.9086888492299323,
127,132,5,5.1981936316974504e-05,10,7.30660671052401e-06,mse,auto,False,0.9150872899178204,r2_score,maximize,0.9086888492299323,
128,71,5,0.05,10,6.8056716036373655e-06,mse,auto,False,0.9150872899178204,r2_score,maximize,0.9086888492299323,
129,142,5,0.05,10,1e-07,mse,auto,False,0.9150872899178204,r2_score,maximize,0.9086888492299323,
130,140,5,1e-07,2,7.480710800559288e-05,mse,auto,False,0.915143359432047,r2_score,maximize,0.908663175017507,
131,152,5,0.05,2,8.273098871514799e-05,mse,auto,False,0.915143359432047,r2_score,maximize,0.908663175017507,
132,28,5,1e-07,10,7.243774191859854e-05,mse,auto,False,0.9150200504869758,r2_score,maximize,0.9086122390590239,
133,139,5,8.638673428824174e-05,10,8.263905930841763e-05,mse,auto,False,0.9150200504869758,r2_score,maximize,0.9086122390590239,
134,37,5,1e-07,2,0.000143791505252256,mse,auto,False,0.9150133157648814,r2_score,maximize,0.9085820712286979,
135,31,5,1.0176683731870557e-05,5,1e-07,huber,auto,False,0.915293146172374,r2_score,maximize,0.9082368124608099,
136,97,5,1e-07,5,2.9040582001931536e-07,huber,auto,False,0.915293146172374,r2_score,maximize,0.9082368124608099,
137,19,5,0.03837461869723669,5,1e-07,huber,auto,False,0.915293146172374,r2_score,maximize,0.9082368124608099,
138,64,5,1e-07,5,1.6625235186326388e-05,huber,auto,False,0.915293146172374,r2_score,maximize,0.9082368124608099,
139,65,5,1.1034441058243017e-05,5,5.585867826226764e-06,huber,auto,False,0.915293146172374,r2_score,maximize,0.9082368124608099,
140,46,5,1e-07,2,6.885542997211669e-07,huber,auto,False,0.915293146172374,r2_score,maximize,0.9082368124608099,
141,20,5,0.0021856899802578933,2,1e-07,huber,auto,False,0.915293146172374,r2_score,maximize,0.9082368124608099,
142,54,5,0.05,2,2.728167038817367e-06,huber,auto,False,0.915293146172374,r2_score,maximize,0.9082368124608099,
143,36,5,1e-07,2,4.319770901603971e-06,huber,auto,False,0.915293146172374,r2_score,maximize,0.9082368124608099,
144,44,5,1e-07,5,1.7794265985649748e-06,huber,auto,False,0.915293146172374,r2_score,maximize,0.9082368124608099,
145,93,5,0.05,2,3.356972357451641e-07,huber,auto,False,0.915293146172374,r2_score,maximize,0.9082368124608099,
146,83,5,0.00017724722348348015,2,1.2364349645536827e-05,huber,auto,False,0.915293146172374,r2_score,maximize,0.9082368124608099,
147,55,5,0.05,5,3.43878370165744e-06,huber,auto,False,0.915293146172374,r2_score,maximize,0.9082368124608099,
148,82,5,0.05,5,2.010640144194368e-05,huber,auto,False,0.915293146172374,r2_score,maximize,0.9082368124608099,
149,57,5,0.05,5,6.890053905953427e-07,huber,auto,False,0.915293146172374,r2_score,maximize,0.9082368124608099,
150,38,5,1e-07,2,1e-07,huber,auto,False,0.915293146172374,r2_score,maximize,0.9082368124608099,
151,78,5,0.05,2,2.392150520704955e-05,huber,auto,False,0.915273533088316,r2_score,maximize,0.9082132265820124,
152,79,5,1e-07,2,2.68570613337157e-05,huber,auto,False,0.915273533088316,r2_score,maximize,0.9082132265820124,
153,114,5,0.05,10,1.3383386067166932e-05,huber,auto,False,0.9151698372273026,r2_score,maximize,0.9081858765023267,
154,23,5,0.05,10,1e-07,huber,auto,False,0.9151698372273026,r2_score,maximize,0.9081858765023267,
155,41,5,2.0942162452129904e-05,10,1.0410828544853047e-06,huber,auto,False,0.9151698372273026,r2_score,maximize,0.9081858765023267,
156,49,5,1e-07,10,4.4803699921981844e-06,huber,auto,False,0.9151698372273026,r2_score,maximize,0.9081858765023267,
157,12,5,1e-07,10,1e-07,huber,auto,False,0.9151698372273026,r2_score,maximize,0.9081858765023267,
158,108,5,0.05,10,3.4405079726920787e-07,huber,auto,False,0.9151698372273026,r2_score,maximize,0.9081858765023267,
159,128,5,1e-07,10,1.678809364617852e-05,huber,auto,False,0.9151698372273026,r2_score,maximize,0.9081858765023267,
160,61,5,0.05,10,3.304711992246189e-06,huber,auto,False,0.9151698372273026,r2_score,maximize,0.9081858765023267,
161,81,5,0.00011756067813693138,10,2.207930457966273e-05,huber,auto,False,0.9151502241432447,r2_score,maximize,0.9081622906235292,
162,181,5,1e-07,5,6.470860136275063e-05,huber,auto,False,0.9149538063823146,r2_score,maximize,0.9078134050412471,
163,56,5,1e-07,10,0.00042661540437598445,mse,auto,False,0.9136661395286548,r2_score,maximize,0.9070186142615106,
164,66,5,1e-07,2,0.0003766886866486458,mse,auto,False,0.9136661395286548,r2_score,maximize,0.9070186142615106,
165,4,5,2.440106227478093e-07,2,0.001728310149789484,mse,auto,False,0.9096273404661003,r2_score,maximize,0.9033922054940825,
166,99,5,0.04999999999999994,2,1.713377835994177e-06,mae,auto,False,0.9053269776523537,r2_score,maximize,0.9008873988653442,
167,98,5,1e-07,5,8.678083795200462e-05,mae,auto,False,0.9053269776523537,r2_score,maximize,0.9008873988653442,
168,30,5,1e-07,5,1e-07,mae,auto,False,0.9053269776523537,r2_score,maximize,0.9008873988653442,
169,17,5,0.05,5,1e-07,mae,auto,False,0.9053269776523537,r2_score,maximize,0.9008873988653442,
170,62,5,1e-07,2,8.454747812873871e-05,mae,auto,False,0.9053269776523537,r2_score,maximize,0.9008873988653442,
171,13,5,1e-07,2,1e-07,mae,auto,False,0.9053269776523537,r2_score,maximize,0.9008873988653442,
172,32,5,1e-07,5,8.798529143194098e-06,mae,auto,False,0.9053269776523537,r2_score,maximize,0.9008873988653442,
173,73,5,0.05,5,6.007759041278593e-05,mae,auto,False,0.9053269776523537,r2_score,maximize,0.9008873988653442,
174,5,5,1.4661042361035067e-07,10,6.439714090251268e-05,mae,auto,False,0.9053835194943667,r2_score,maximize,0.9004516274846217,
175,39,5,0.00012471994303424704,10,1e-07,mae,auto,False,0.9053835194943667,r2_score,maximize,0.9004516274846217,
176,1,5,2.1988359660090037e-07,5,0.000522533477381128,mae,auto,False,0.9049662388442113,r2_score,maximize,0.9001036714996004,
177,95,4,0.05,10,1.8585077988623642e-05,huber,auto,False,0.8986269614282658,r2_score,maximize,0.8998435655680206,
178,68,4,1e-07,5,7.825921481896425e-06,huber,auto,False,0.8986269614282658,r2_score,maximize,0.8998435655680206,
179,6,4,0.027462677050415336,10,1.2287177519591657e-07,huber,auto,False,0.8986269614282658,r2_score,maximize,0.8998435655680206,
180,9,4,0.00017677296414600753,2,2.8627278977246677e-07,mse,auto,False,0.8980460461615474,r2_score,maximize,0.8989619802959111,
181,192,4,1e-07,5,1.8296771753933055e-06,mse,auto,False,0.8980460461615474,r2_score,maximize,0.8989619802959111,
182,40,4,1e-07,10,6.304379082131578e-05,mse,auto,False,0.8980460461615474,r2_score,maximize,0.8989619802959111,
183,48,4,0.04999999999999994,2,8.531877831759258e-06,mse,auto,False,0.8980460461615474,r2_score,maximize,0.8989619802959111,
184,84,4,1e-07,2,0.0004868527182037038,mse,auto,False,0.8975143789152998,r2_score,maximize,0.8985708762188119,
185,60,4,1e-07,5,0.0002286957044634248,mae,auto,False,0.8914810696971951,r2_score,maximize,0.8846273018455179,
186,33,3,0.05,5,1e-07,mse,auto,False,0.8716105366668934,r2_score,maximize,0.874693257576893,
187,0,3,0.00010563260861381648,10,0.000550078984732452,mse,auto,False,0.8716105366668934,r2_score,maximize,0.874693257576893,
188,7,3,2.223970124252846e-06,5,0.0007072565480610698,mse,auto,False,0.8716105366668934,r2_score,maximize,0.874693257576893,
189,3,2,0.005469127599175856,2,8.05195088657511e-07,huber,auto,False,0.8200109986579882,r2_score,maximize,0.8212138109975521,
190,18,2,1e-07,10,1e-07,huber,auto,False,0.8200109986579882,r2_score,maximize,0.8212138109975521,
191,8,2,2.502475838964357e-06,2,6.015316353972945e-05,huber,auto,False,0.8200109986579882,r2_score,maximize,0.8212138109975521,
192,24,2,1e-07,10,1e-07,mse,auto,False,0.8197306163703987,r2_score,maximize,0.8210977449465248,
193,15,2,1e-07,5,1e-07,mae,auto,False,0.8098116613680233,r2_score,maximize,0.8128434182740565,
194,10,2,0.05,2,0.04999999999999994,mae,auto,False,0.7911482688786288,r2_score,maximize,0.7944589453857457,
195,29,5,0.05,2,0.05,mae,auto,False,0.7911482688786288,r2_score,maximize,0.7944589453857457,
196,27,2,1e-07,2,0.05,mse,auto,False,0.7869979230261674,r2_score,maximize,0.7893410673381623,
197,11,5,0.05,10,0.04999999999999994,huber,auto,False,0.7869979230261674,r2_score,maximize,0.7893410673381623,
198,21,5,0.05,5,0.05,mse,auto,False,0.7869979230261674,r2_score,maximize,0.7893410673381623,
199,2,3,0.00015849749715096136,5,6.608518772338821e-07,msle,auto,False,,r2_score,maximize,-1e-08,MSLE can only be deployed if y > -1
